{
  "timestamp": "2025-06-19T19:26:24.534954",
  "total_records": 100,
  "summary_statistics": {
    "employee_id": {
      "mean": 50.5,
      "median": 50.5,
      "min": 1.0,
      "max": 100.0,
      "std": 29.011491975882016
    },
    "base_salary": {
      "mean": 84017.30399427304,
      "median": 82439.2321725132,
      "min": 50036.42638967211,
      "max": 119841.83395342591,
      "std": 18992.260699021306
    },
    "sales_target": {
      "mean": 308858.1687447208,
      "median": 301601.49134470243,
      "min": 102073.94510959472,
      "max": 498501.4799031697,
      "std": 113410.00818852155
    },
    "actual_sales": {
      "mean": 329884.01226513495,
      "median": 313900.52174965653,
      "min": 87958.36095100007,
      "max": 590557.2619214761,
      "std": 155838.84485753975
    },
    "customer_satisfaction": {
      "mean": 4.076518450685914,
      "median": 4.093887653413077,
      "min": 3.0783726533512925,
      "max": 4.9918624840606585,
      "std": 0.5574406573514858
    },
    "projects_completed": {
      "mean": 6.96,
      "median": 6.0,
      "min": 1.0,
      "max": 14.0,
      "std": 3.9744639432712985
    },
    "attendance_rate": {
      "mean": 0.9172329642971855,
      "median": 0.9182259918661266,
      "min": 0.8521816998501822,
      "max": 0.9970048862928216,
      "std": 0.041145355018142614
    },
    "years_of_service": {
      "mean": 5.20738949352776,
      "median": 4.767748087436583,
      "min": 1.180640779999537,
      "max": 9.909642091509507,
      "std": 2.5480225726418646
    },
    "sales_performance_score": {
      "mean": 1.2632363149977588,
      "median": 1.1046822489798496,
      "min": 0.17872897460157458,
      "max": 4.344501202671605,
      "std": 0.8503564938631398
    },
    "customer_satisfaction_score": {
      "mean": 0.7691296126714784,
      "median": 0.7734719133532691,
      "min": 0.5195931633378231,
      "max": 0.9979656210151646,
      "std": 0.13936016433787146
    },
    "project_performance_score": {
      "mean": 0.6419999999999999,
      "median": 0.6,
      "min": 0.1,
      "max": 1.0,
      "std": 0.32758066320998086
    },
    "attendance_score": {
      "mean": 0.9172329642971855,
      "median": 0.9182259918661266,
      "min": 0.8521816998501822,
      "max": 0.9970048862928216,
      "std": 0.041145355018142614
    },
    "loyalty_score": {
      "mean": 0.520738949352776,
      "median": 0.4767748087436584,
      "min": 0.1180640779999537,
      "max": 0.9909642091509507,
      "std": 0.2548022572641865
    },
    "performance_score": {
      "mean": 0.8967173048283379,
      "median": 0.8454206254248889,
      "min": 0.4238785189105669,
      "max": 1.872770697086131,
      "std": 0.25990008238177226
    },
    "sales_bonus": {
      "mean": 5219.398432254538,
      "median": 4011.194496384108,
      "min": 467.4973691079458,
      "max": 16108.32158888662,
      "std": 3463.976924108153
    },
    "satisfaction_bonus": {
      "mean": 1290.3103226100548,
      "median": 1262.9491645938724,
      "min": 528.3201930799132,
      "max": 2223.03894186636,
      "std": 369.9166111652053
    },
    "project_bonus": {
      "mean": 3480.0,
      "median": 3000.0,
      "min": 500.0,
      "max": 7000.0,
      "std": 1987.2319716356492
    },
    "attendance_bonus": {
      "mean": 771.361159375516,
      "median": 766.4476931899786,
      "min": 472.84929714547434,
      "max": 1139.8920440244929,
      "std": 181.3565576116676
    },
    "loyalty_bonus": {
      "mean": 216.45203282455972,
      "median": 191.71581441130095,
      "min": 48.08841230699304,
      "max": 586.4677158608312,
      "std": 118.05359130817588
    },
    "department_multiplier": {
      "mean": 1.0904999999999998,
      "median": 1.1,
      "min": 1.0,
      "max": 1.2,
      "std": 0.07236795708130228
    },
    "performance_multiplier": {
      "mean": 1.19,
      "median": 1.0,
      "min": 0.5,
      "max": 1.5,
      "std": 0.28230651727682393
    },
    "subtotal_bonus": {
      "mean": 10977.52194706467,
      "median": 10559.941381474579,
      "min": 3889.9180479311535,
      "max": 22515.41573026138,
      "std": 3969.671095676607
    },
    "total_bonus": {
      "mean": 13755.09955552119,
      "median": 11729.438245387511,
      "min": 1944.9590239655768,
      "max": 29590.761727071425,
      "std": 6463.26632659683
    },
    "bonus_percentage": {
      "mean": 16.65004334766261,
      "median": 14.68384168798243,
      "min": 2.0678851900343167,
      "max": 25.0,
      "std": 7.126272831250222
    }
  },
  "bonus_summary": {
    "total_bonus_paid": 1375509.955552119,
    "average_bonus": 13755.09955552119,
    "max_bonus": 29590.761727071425,
    "min_bonus": 1944.9590239655768,
    "employees_with_bonus": 100
  }
}